{
  "0": {
    "import_span": {
      "mean": -0.07779431412429957,
      "ci_low": -0.10734069423977041,
      "ci_high": -0.05232299067401212,
      "n": 30
    },
    "use_alias": {
      "mean": 0.6078592523863421,
      "ci_low": 0.580200374693414,
      "ci_high": 0.6344387614509357,
      "n": 30
    },
    "final_pos": {
      "mean": 0.005090240242013116,
      "ci_low": -0.00976558939168263,
      "ci_high": 0.020376906655465172,
      "n": 30
    },
    "filler_span": {
      "mean": 0.0,
      "ci_low": 0.0,
      "ci_high": 0.0,
      "n": 30
    }
  },
  "1": {
    "import_span": {
      "mean": -0.03295263498495321,
      "ci_low": -0.059311764399776645,
      "ci_high": -0.009805224281538266,
      "n": 30
    },
    "use_alias": {
      "mean": 0.5914715773669404,
      "ci_low": 0.5645261399163051,
      "ci_high": 0.6176192910231619,
      "n": 30
    },
    "final_pos": {
      "mean": 0.026753160407502752,
      "ci_low": 0.009413367729759781,
      "ci_high": 0.044303099032278116,
      "n": 30
    },
    "filler_span": {
      "mean": 0.0,
      "ci_low": 0.0,
      "ci_high": 0.0,
      "n": 30
    }
  },
  "2": {
    "import_span": {
      "mean": -0.02527288526356612,
      "ci_low": -0.05131365335797451,
      "ci_high": -0.002720975963680646,
      "n": 30
    },
    "use_alias": {
      "mean": 0.5821006255065908,
      "ci_low": 0.5526442599829666,
      "ci_high": 0.6110118604051021,
      "n": 30
    },
    "final_pos": {
      "mean": 0.008338840508242656,
      "ci_low": -0.009932238752799782,
      "ci_high": 0.02672210496867706,
      "n": 30
    },
    "filler_span": {
      "mean": 0.0,
      "ci_low": 0.0,
      "ci_high": 0.0,
      "n": 30
    }
  },
  "3": {
    "import_span": {
      "mean": -0.014566328630134072,
      "ci_low": -0.04125245312742317,
      "ci_high": 0.01000004715336756,
      "n": 30
    },
    "use_alias": {
      "mean": 0.5653177393722156,
      "ci_low": 0.5337871889016034,
      "ci_high": 0.5947481487289075,
      "n": 30
    },
    "final_pos": {
      "mean": -0.022862523155654138,
      "ci_low": -0.043502786333392274,
      "ci_high": 0.00019820969653496366,
      "n": 30
    },
    "filler_span": {
      "mean": 0.0,
      "ci_low": 0.0,
      "ci_high": 0.0,
      "n": 30
    }
  },
  "4": {
    "import_span": {
      "mean": 0.001530965761279357,
      "ci_low": -0.023447701851067728,
      "ci_high": 0.02595009311252045,
      "n": 30
    },
    "use_alias": {
      "mean": 0.3671637877413521,
      "ci_low": 0.33221750794355953,
      "ci_high": 0.4009199595982888,
      "n": 30
    },
    "final_pos": {
      "mean": -0.04096643616077701,
      "ci_low": -0.06296211399256892,
      "ci_high": -0.017518285727561304,
      "n": 30
    },
    "filler_span": {
      "mean": 0.0,
      "ci_low": 0.0,
      "ci_high": 0.0,
      "n": 30
    }
  },
  "5": {
    "import_span": {
      "mean": -0.0020638039725064243,
      "ci_low": -0.024670820395753076,
      "ci_high": 0.01792814822967373,
      "n": 30
    },
    "use_alias": {
      "mean": 0.31463830369805795,
      "ci_low": 0.28162427379985944,
      "ci_high": 0.3498091530463212,
      "n": 30
    },
    "final_pos": {
      "mean": -0.03574129246959205,
      "ci_low": -0.057316805268296876,
      "ci_high": -0.012163294532640692,
      "n": 30
    },
    "filler_span": {
      "mean": 0.0,
      "ci_low": 0.0,
      "ci_high": 0.0,
      "n": 30
    }
  },
  "6": {
    "import_span": {
      "mean": 0.004286926501393314,
      "ci_low": -0.013695204462052201,
      "ci_high": 0.020980704678330353,
      "n": 30
    },
    "use_alias": {
      "mean": 0.3431206252398393,
      "ci_low": 0.3069830073851964,
      "ci_high": 0.3799364562014358,
      "n": 30
    },
    "final_pos": {
      "mean": -0.024930992145111918,
      "ci_low": -0.04839038403153786,
      "ci_high": -0.00062756630137242,
      "n": 30
    },
    "filler_span": {
      "mean": 0.0,
      "ci_low": 0.0,
      "ci_high": 0.0,
      "n": 30
    }
  },
  "7": {
    "import_span": {
      "mean": 0.00134721913324967,
      "ci_low": -0.015970584728464937,
      "ci_high": 0.017171918400800335,
      "n": 30
    },
    "use_alias": {
      "mean": 0.27562638430361924,
      "ci_low": 0.24294295881553735,
      "ci_high": 0.3094139000080604,
      "n": 30
    },
    "final_pos": {
      "mean": 0.029420674681230243,
      "ci_low": -0.0004104650584384973,
      "ci_high": 0.060097019814413476,
      "n": 30
    },
    "filler_span": {
      "mean": 0.0,
      "ci_low": 0.0,
      "ci_high": 0.0,
      "n": 30
    }
  },
  "8": {
    "import_span": {
      "mean": -0.0005102797055894934,
      "ci_low": -0.01696978091603087,
      "ci_high": 0.015546198832992825,
      "n": 30
    },
    "use_alias": {
      "mean": 0.3859321404374349,
      "ci_low": 0.35525112870912734,
      "ci_high": 0.41950674644212427,
      "n": 30
    },
    "final_pos": {
      "mean": 0.04952876361649034,
      "ci_low": 0.020468129036025164,
      "ci_high": 0.07890128935430753,
      "n": 30
    },
    "filler_span": {
      "mean": 0.0,
      "ci_low": 0.0,
      "ci_high": 0.0,
      "n": 30
    }
  },
  "9": {
    "import_span": {
      "mean": -0.00014413443585709618,
      "ci_low": -0.014905618171780701,
      "ci_high": 0.014172427147507162,
      "n": 30
    },
    "use_alias": {
      "mean": 0.36791610662856244,
      "ci_low": 0.3350642843633489,
      "ci_high": 0.4016006481220274,
      "n": 30
    },
    "final_pos": {
      "mean": 0.07392420692330347,
      "ci_low": 0.045246621492984966,
      "ci_high": 0.10431792609164582,
      "n": 30
    },
    "filler_span": {
      "mean": 0.0,
      "ci_low": 0.0,
      "ci_high": 0.0,
      "n": 30
    }
  },
  "10": {
    "import_span": {
      "mean": -0.003329203031869198,
      "ci_low": -0.01608100874518534,
      "ci_high": 0.009025649073825621,
      "n": 30
    },
    "use_alias": {
      "mean": 0.34057478824076776,
      "ci_low": 0.3074576891445984,
      "ci_high": 0.3739404839530771,
      "n": 30
    },
    "final_pos": {
      "mean": 0.08052432263836289,
      "ci_low": 0.0522602827352555,
      "ci_high": 0.10982429307231314,
      "n": 30
    },
    "filler_span": {
      "mean": 0.0,
      "ci_low": 0.0,
      "ci_high": 0.0,
      "n": 30
    }
  },
  "11": {
    "import_span": {
      "mean": -0.009244246907118479,
      "ci_low": -0.022604918262796383,
      "ci_high": 0.002870113657204223,
      "n": 30
    },
    "use_alias": {
      "mean": 0.3094576958440406,
      "ci_low": 0.2782285571936539,
      "ci_high": 0.34433550896941467,
      "n": 30
    },
    "final_pos": {
      "mean": 0.11809824731368486,
      "ci_low": 0.08620323181710661,
      "ci_high": 0.14855241574065384,
      "n": 30
    },
    "filler_span": {
      "mean": 0.0,
      "ci_low": 0.0,
      "ci_high": 0.0,
      "n": 30
    }
  },
  "12": {
    "import_span": {
      "mean": -0.004331814086765477,
      "ci_low": -0.015825968406040614,
      "ci_high": 0.005928855157475547,
      "n": 30
    },
    "use_alias": {
      "mean": 0.35258896281291185,
      "ci_low": 0.3175135624842625,
      "ci_high": 0.39123780987042445,
      "n": 30
    },
    "final_pos": {
      "mean": 0.11904125244340659,
      "ci_low": 0.08904814270091174,
      "ci_high": 0.14971158559983547,
      "n": 30
    },
    "filler_span": {
      "mean": 0.0,
      "ci_low": 0.0,
      "ci_high": 0.0,
      "n": 30
    }
  },
  "13": {
    "import_span": {
      "mean": 0.011057290642744745,
      "ci_low": 0.00505325852490357,
      "ci_high": 0.01708784209549606,
      "n": 30
    },
    "use_alias": {
      "mean": 0.3669050575037032,
      "ci_low": 0.33191758109825054,
      "ci_high": 0.40393597539425324,
      "n": 30
    },
    "final_pos": {
      "mean": 0.14462691026260466,
      "ci_low": 0.10686153190961085,
      "ci_high": 0.1845574160373704,
      "n": 30
    },
    "filler_span": {
      "mean": 0.0,
      "ci_low": 0.0,