{
  "0": {
    "import_span": {
      "mean": 0.4059568564486192,
      "ci_low": 0.3802536150811342,
      "ci_high": 0.43316033680231075,
      "n": 30
    },
    "use_alias": {
      "mean": 1.206013519412767,
      "ci_low": 1.1749415199640703,
      "ci_high": 1.241328054157124,
      "n": 30
    },
    "final_pos": {
      "mean": -0.10518927444944848,
      "ci_low": -0.11258805625083321,
      "ci_high": -0.09772897709267908,
      "n": 30
    },
    "filler_span": {
      "mean": 0.0,
      "ci_low": 0.0,
      "ci_high": 0.0,
      "n": 30
    }
  },
  "1": {
    "import_span": {
      "mean": 0.38027665747591854,
      "ci_low": 0.3546931768040056,
      "ci_high": 0.4066858153476146,
      "n": 30
    },
    "use_alias": {
      "mean": 1.1978650731105398,
      "ci_low": 1.1660810002714819,
      "ci_high": 1.2324910783532197,
      "n": 30
    },
    "final_pos": {
      "mean": -0.052854699822501114,
      "ci_low": -0.07250203315314126,
      "ci_high": -0.033125093363725974,
      "n": 30
    },
    "filler_span": {
      "mean": 0.0,
      "ci_low": 0.0,
      "ci_high": 0.0,
      "n": 30
    }
  },
  "2": {
    "import_span": {
      "mean": 0.3745949820241124,
      "ci_low": 0.3504739661611474,
      "ci_high": 0.3990418950032017,
      "n": 30
    },
    "use_alias": {
      "mean": 1.1146897291599975,
      "ci_low": 1.087860783323053,
      "ci_high": 1.1435788225404504,
      "n": 30
    },
    "final_pos": {
      "mean": -0.04499827439217864,
      "ci_low": -0.06345436120891566,
      "ci_high": -0.026828811114746717,
      "n": 30
    },
    "filler_span": {
      "mean": 0.0,
      "ci_low": 0.0,
      "ci_high": 0.0,
      "n": 30
    }
  },
  "3": {
    "import_span": {
      "mean": 0.3687019486100545,
      "ci_low": 0.34539631155943373,
      "ci_high": 0.392629062176037,
      "n": 30
    },
    "use_alias": {
      "mean": 1.0600700591365055,
      "ci_low": 1.0264037263971675,
      "ci_high": 1.100199101516693,
      "n": 30
    },
    "final_pos": {
      "mean": -0.03151474869729469,
      "ci_low": -0.053898321459145804,
      "ci_high": -0.010055777782947743,
      "n": 30
    },
    "filler_span": {
      "mean": 0.0,
      "ci_low": 0.0,
      "ci_high": 0.0,
      "n": 30
    }
  },
  "4": {
    "import_span": {
      "mean": 0.3602944977505722,
      "ci_low": 0.33739637323247634,
      "ci_high": 0.3832150920136167,
      "n": 30
    },
    "use_alias": {
      "mean": 1.0470747663302713,
      "ci_low": 1.0121555781861638,
      "ci_high": 1.0884946090274572,
      "n": 30
    },
    "final_pos": {
      "mean": 0.1541874677458124,
      "ci_low": 0.1258141110366859,
      "ci_high": 0.18389491565649418,
      "n": 30
    },
    "filler_span": {
      "mean": 0.0,
      "ci_low": 0.0,
      "ci_high": 0.0,
      "n": 30
    }
  },
  "5": {
    "import_span": {
      "mean": 0.36048819119277187,
      "ci_low": 0.3384356075718917,
      "ci_high": 0.383356671448509,
      "n": 30
    },
    "use_alias": {
      "mean": 1.0331996540712114,
      "ci_low": 0.998527538037871,
      "ci_high": 1.0715974922559497,
      "n": 30
    },
    "final_pos": {
      "mean": 0.20425834617765634,
      "ci_low": 0.17634146134651435,
      "ci_high": 0.23188894834124657,
      "n": 30
    },
    "filler_span": {
      "mean": 0.0,
      "ci_low": 0.0,
      "ci_high": 0.0,
      "n": 30
    }
  },
  "6": {
    "import_span": {
      "mean": 0.38123215176641423,
      "ci_low": 0.3555235249398171,
      "ci_high": 0.40766078655452304,
      "n": 30
    },
    "use_alias": {
      "mean": 1.0071687295411391,
      "ci_low": 0.9735497182067884,
      "ci_high": 1.0478324867777125,
      "n": 30
    },
    "final_pos": {
      "mean": 0.21450896738172795,
      "ci_low": 0.18603234292590878,
      "ci_high": 0.24308255306663207,
      "n": 30
    },
    "filler_span": {
      "mean": 0.0,
      "ci_low": 0.0,
      "ci_high": 0.0,
      "n": 30
    }
  },
  "7": {
    "import_span": {
      "mean": 0.37156022684378787,
      "ci_low": 0.3509227782027052,
      "ci_high": 0.39284230230900674,
      "n": 30
    },
    "use_alias": {
      "mean": 0.9541128397257694,
      "ci_low": 0.9192830549808749,
      "ci_high": 0.9961594806164377,
      "n": 30
    },
    "final_pos": {
      "mean": 0.25703463750347877,
      "ci_low": 0.22857216223699967,
      "ci_high": 0.28752992722723886,
      "n": 30
    },
    "filler_span": {
      "mean": 0.0,
      "ci_low": 0.0,
      "ci_high": 0.0,
      "n": 30
    }
  },
  "8": {
    "import_span": {
      "mean": 0.3140823904772984,
      "ci_low": 0.2924487770567375,
      "ci_high": 0.3378795248814657,
      "n": 30
    },
    "use_alias": {
      "mean": 0.9591631715020638,
      "ci_low": 0.92517717884187,
      "ci_high": 1.0003175296510132,
      "n": 30
    },
    "final_pos": {
      "mean": 0.2611987249557076,
      "ci_low": 0.23283287936120206,
      "ci_high": 0.29059245288517016,
      "n": 30
    },
    "filler_span": {
      "mean": 0.0,
      "ci_low": 0.0,
      "ci_high": 0.0,
      "n": 30
    }
  },
  "9": {
    "import_span": {
      "mean": 0.2993165981754469,
      "ci_low": 0.27682564897953565,
      "ci_high": 0.3207451306868943,
      "n": 30
    },
    "use_alias": {
      "mean": 0.9594191222587265,
      "ci_low": 0.9295029676961855,
      "ci_high": 0.9938670826316739,
      "n": 30
    },
    "final_pos": {
      "mean": 0.3058494069745722,
      "ci_low": 0.27495974497210407,
      "ci_high": 0.336604808613922,
      "n": 30
    },
    "filler_span": {
      "mean": 0.0,
      "ci_low": 0.0,
      "ci_high": 0.0,
      "n": 30
    }
  },
  "10": {
    "import_span": {
      "mean": 0.29071557389467545,
      "ci_low": 0.26945133142085453,
      "ci_high": 0.311151769746073,
      "n": 30
    },
    "use_alias": {
      "mean": 0.9558296364708396,
      "ci_low": 0.928883519531239,
      "ci_high": 0.9878852733873504,
      "n": 30
    },
    "final_pos": {
      "mean": 0.3482596597286146,
      "ci_low": 0.31483516786939164,
      "ci_high": 0.382230597938145,
      "n": 30
    },
    "filler_span": {
      "mean": 0.0,
      "ci_low": 0.0,
      "ci_high": 0.0,
      "n": 30
    }
  },
  "11": {
    "import_span": {
      "mean": 0.29051689559124916,
      "ci_low": 0.2704434043172713,
      "ci_high": 0.31042061401714494,
      "n": 30
    },
    "use_alias": {
      "mean": 0.9286407241977421,
      "ci_low": 0.9037112728941956,
      "ci_high": 0.9584843665884257,
      "n": 30
    },
    "final_pos": {
      "mean": 0.40371331188661025,
      "ci_low": 0.36751272677607333,
      "ci_high": 0.43760630529771805,
      "n": 30
    },
    "filler_span": {
      "mean": 0.0,
      "ci_low": 0.0,
      "ci_high": 0.0,
      "n": 30
    }
  },
  "12": {
    "import_span": {
      "mean": 0.23060280010052323,
      "ci_low": 0.20562510300320988,
      "ci_high": 0.25400299339415455,
      "n": 30
    },
    "use_alias": {
      "mean": 0.9103660430200307,
      "ci_low": 0.8854058880995552,
      "ci_high": 0.9398717519310853,
      "n": 30
    },
    "final_pos": {
      "mean": 0.4019221184063679,
      "ci_low": 0.36667133665742757,
      "ci_high": 0.43700021226721775,
      "n": 30
    },
    "filler_span": {
      "mean": 0.0,
      "ci_low": 0.0,
      "ci_high": 0.0,
      "n": 30
    }
  },
  "13": {
    "import_span": {
      "mean": -0.010616759210129386,
      "ci_low": -0.024236620434264288,
      "ci_high": 0.003372909088692427,
      "n": 30
    },
    "use_alias": {
      "mean": 0.8785834613173128,
      "ci_low": 0.8508217616431005,
      "ci_high": 0.9058421481759057,
      "n": 30
    },
    "final_pos": {
      "mean": 0.3716648927956869,
      "ci_low": 0.33929310188885003,
      "ci_high": 0.4055645585171039,
      "n": 30
    },
    "filler_span": {
      "mean": 0.0,
      "ci_low": 0.0,
      "ci_high": 0.0,
      "n": 30
    }
  },
  "14": {
    "import_span": {
      "mean": -0.01708968050488915,