{
  "0": {
    "import_span": {
      "mean": 0.07413271496275879,
      "ci_low": -0.01220483153249597,
      "ci_high": 0.1543908691650846,
      "n": 30
    },
    "use_alias": {
      "mean": 1.1879796306465564,
      "ci_low": 1.160092798991932,
      "ci_high": 1.2195887386386421,
      "n": 30
    },
    "final_pos": {
      "mean": -0.14903248521681453,
      "ci_low": -0.16818092715686117,
      "ci_high": -0.13278316465346027,
      "n": 30
    },
    "filler_span": {
      "mean": -0.0033062067011480037,
      "ci_low": -0.004925967312934755,
      "ci_high": -0.0016801778972071102,
      "n": 30
    }
  },
  "1": {
    "import_span": {
      "mean": 0.12738035742606138,
      "ci_low": 0.03873776376782112,
      "ci_high": 0.20669396572038287,
      "n": 30
    },
    "use_alias": {
      "mean": 1.0939243354253076,
      "ci_low": 1.0720248646302364,
      "ci_high": 1.118428094384878,
      "n": 30
    },
    "final_pos": {
      "mean": -0.1052378267262914,
      "ci_low": -0.12925572133848662,
      "ci_high": -0.08346928449137712,
      "n": 30
    },
    "filler_span": {
      "mean": -0.003586060415863416,
      "ci_low": -0.0056528646381815845,
      "ci_high": -0.0015166031335520835,
      "n": 30
    }
  },
  "2": {
    "import_span": {
      "mean": 0.12624925894082126,
      "ci_low": 0.03449959430110221,
      "ci_high": 0.20641246163042717,
      "n": 30
    },
    "use_alias": {
      "mean": 1.1102861147536067,
      "ci_low": 1.0894179788457459,
      "ci_high": 1.1342378715865489,
      "n": 30
    },
    "final_pos": {
      "mean": -0.05883374077300174,
      "ci_low": -0.08364884427251347,
      "ci_high": -0.03878616489092955,
      "n": 30
    },
    "filler_span": {
      "mean": -0.006182937705193595,
      "ci_low": -0.008723975239294761,
      "ci_high": -0.0037984462434447973,
      "n": 30
    }
  },
  "3": {
    "import_span": {
      "mean": 0.11766994387126169,
      "ci_low": 0.030688489578308054,
      "ci_high": 0.19750749087713163,
      "n": 30
    },
    "use_alias": {
      "mean": 1.1464838024594477,
      "ci_low": 1.1161164511498263,
      "ci_high": 1.1780960503373976,
      "n": 30
    },
    "final_pos": {
      "mean": -0.03166793728871223,
      "ci_low": -0.05537621648257338,
      "ci_high": -0.009597429412747605,
      "n": 30
    },
    "filler_span": {
      "mean": -0.010425905928530526,
      "ci_low": -0.014528736577037227,
      "ci_high": -0.0065270973937289626,
      "n": 30
    }
  },
  "4": {
    "import_span": {
      "mean": 0.12415540918095576,
      "ci_low": 0.030841228285610037,
      "ci_high": 0.20589095216685893,
      "n": 30
    },
    "use_alias": {
      "mean": 1.158225518794562,
      "ci_low": 1.1282688084830952,
      "ci_high": 1.1910429914436502,
      "n": 30
    },
    "final_pos": {
      "mean": 0.19531565301045334,
      "ci_low": 0.16186025115886002,
      "ci_high": 0.22842987353722238,
      "n": 30
    },
    "filler_span": {
      "mean": -0.01595528949703754,
      "ci_low": -0.020363097383690194,
      "ci_high": -0.011561985118188713,
      "n": 30
    }
  },
  "5": {
    "import_span": {
      "mean": 0.1441225694153707,
      "ci_low": 0.056766752549533575,
      "ci_high": 0.22501756619373414,
      "n": 30
    },
    "use_alias": {
      "mean": 1.1632334641496298,
      "ci_low": 1.1317866169180866,
      "ci_high": 1.1975349388379235,
      "n": 30
    },
    "final_pos": {
      "mean": 0.28223277092738325,
      "ci_low": 0.24677116144136432,
      "ci_high": 0.31950170466725514,
      "n": 30
    },
    "filler_span": {
      "mean": -0.020023134878646213,
      "ci_low": -0.025316420084828067,
      "ci_high": -0.014973511077091,
      "n": 30
    }
  },
  "6": {
    "import_span": {
      "mean": 0.1375674486223754,
      "ci_low": 0.06154603117880923,
      "ci_high": 0.20853451435771578,
      "n": 30
    },
    "use_alias": {
      "mean": 1.0793638104313201,
      "ci_low": 1.0458735438674494,
      "ci_high": 1.1149504523405687,
      "n": 30
    },
    "final_pos": {
      "mean": 0.31149596815433134,
      "ci_low": 0.27545300418433305,
      "ci_high": 0.35096626993771673,
      "n": 30
    },
    "filler_span": {
      "mean": -0.021614436625448787,
      "ci_low": -0.02765235357277217,
      "ci_high": -0.016090165970458096,
      "n": 30
    }
  },
  "7": {
    "import_span": {
      "mean": 0.21332145586312792,
      "ci_low": 0.1723742997115926,
      "ci_high": 0.25041585803314076,
      "n": 30
    },
    "use_alias": {
      "mean": 0.982519412504932,
      "ci_low": 0.951853848257377,
      "ci_high": 1.0122816339565408,
      "n": 30
    },
    "final_pos": {
      "mean": 0.43484002930006393,
      "ci_low": 0.3912626734233351,
      "ci_high": 0.48134091521452965,
      "n": 30
    },
    "filler_span": {
      "mean": -0.020066399080547807,
      "ci_low": -0.025851608398735532,
      "ci_high": -0.014789441365852012,
      "n": 30
    }
  },
  "8": {
    "import_span": {
      "mean": 0.08791397731592997,
      "ci_low": 0.04611420087979475,
      "ci_high": 0.12718960134476714,
      "n": 30
    },
    "use_alias": {
      "mean": 0.9727649277633031,
      "ci_low": 0.9451227019919152,
      "ci_high": 1.0010283048450073,
      "n": 30
    },
    "final_pos": {
      "mean": 0.47061775050842847,
      "ci_low": 0.4258575612743851,
      "ci_high": 0.515382259249151,
      "n": 30
    },
    "filler_span": {
      "mean": -0.01715776214267564,
      "ci_low": -0.02373424650077522,
      "ci_high": -0.011154828918648092,
      "n": 30
    }
  },
  "9": {
    "import_span": {
      "mean": 0.07499894231604277,
      "ci_low": 0.031349573851503484,
      "ci_high": 0.11570325692058277,
      "n": 30
    },
    "use_alias": {
      "mean": 0.961950166424333,
      "ci_low": 0.9347503147920951,
      "ci_high": 0.988535878214892,
      "n": 30
    },
    "final_pos": {
      "mean": 0.6891311519507433,
      "ci_low": 0.6345101252804382,
      "ci_high": 0.741801246865002,
      "n": 30
    },
    "filler_span": {
      "mean": -0.020471165625001158,
      "ci_low": -0.027502558253343447,
      "ci_high": -0.014341061315868285,
      "n": 30
    }
  },
  "10": {
    "import_span": {
      "mean": 0.08909565936978026,
      "ci_low": 0.0449456550366184,
      "ci_high": 0.12900568236372004,
      "n": 30
    },
    "use_alias": {
      "mean": 0.9679946035634134,
      "ci_low": 0.9418829506132332,
      "ci_high": 0.9956011236810911,
      "n": 30
    },
    "final_pos": {
      "mean": 0.7268400939239631,
      "ci_low": 0.6715735918919205,
      "ci_high": 0.7767211344447841,
      "n": 30
    },
    "filler_span": {
      "mean": -0.016412965639918238,
      "ci_low": -0.02348784481860229,
      "ci_high": -0.010401781130492789,
      "n": 30
    }
  },
  "11": {
    "import_span": {
      "mean": 0.08418091634346288,
      "ci_low": 0.04054017401697242,
      "ci_high": 0.12459159986005286,
      "n": 30
    },
    "use_alias": {
      "mean": 0.9544507362438267,
      "ci_low": 0.9283357497532482,
      "ci_high": 0.9809810221627607,
      "n": 30
    },
    "final_pos": {
      "mean": 0.7415699516346791,
      "ci_low": 0.689810718162504,
      "ci_high": 0.7889787122900815,
      "n": 30
    },
    "filler_span": {
      "mean": -0.006489849669412048,
      "ci_low": -0.011848969116643192,
      "ci_high": -0.0016143775405101871,
      "n": 30
    }
  },
  "12": {
    "import_span": {
      "mean": 0.16727068383923777,
      "ci_low": 0.12649800684738913,
      "ci_high": 0.2114645748460507,
      "n": 30
    },
    "use_alias": {
      "mean": 0.9283302266043078,
      "ci_low": 0.9003279799684565,
      "ci_high": 0.9571207505686887,
      "n": 30
    },
    "final_pos": {
      "mean": 0.7390501956663349,
      "ci_low": 0.6878514660726178,
      "ci_high": 0.7861507356574238,
      "n": 30
    },
    "filler_span": {
      "mean": -0.004276119594672679,
      "ci_low": -0.009291905460291431,