{
  "0": {
    "import_span": {
      "mean": -0.0366773105974398,
      "ci_low": -0.04614451810859669,
      "ci_high": -0.028099540974174816,
      "n": 30
    },
    "use_alias": {
      "mean": 0.9161678121391791,
      "ci_low": 0.8629914688997675,
      "ci_high": 0.9781689990149214,
      "n": 30
    },
    "final_pos": {
      "mean": 0.03790560816870033,
      "ci_low": 0.02910758600393806,
      "ci_high": 0.04683393647375125,
      "n": 30
    },
    "filler_span": {
      "mean": -0.0007499977261487851,
      "ci_low": -0.0012350791704429794,
      "ci_high": -0.0002433945575643797,
      "n": 30
    }
  },
  "1": {
    "import_span": {
      "mean": -0.039315214469176754,
      "ci_low": -0.04940867921114298,
      "ci_high": -0.0300346171868905,
      "n": 30
    },
    "use_alias": {
      "mean": 0.8931819743537392,
      "ci_low": 0.8355565287775256,
      "ci_high": 0.9589732648138015,
      "n": 30
    },
    "final_pos": {
      "mean": 0.1102421706311134,
      "ci_low": 0.09194704587151065,
      "ci_high": 0.12893338835566084,
      "n": 30
    },
    "filler_span": {
      "mean": -0.00398711707212382,
      "ci_low": -0.005120915792029591,
      "ci_high": -0.0029177907470164795,
      "n": 30
    }
  },
  "2": {
    "import_span": {
      "mean": -0.03966347208216902,
      "ci_low": -0.0492339907244264,
      "ci_high": -0.030179539536024334,
      "n": 30
    },
    "use_alias": {
      "mean": 0.6420046041663059,
      "ci_low": 0.5894502033808566,
      "ci_high": 0.6972126717785696,
      "n": 30
    },
    "final_pos": {
      "mean": 0.24558342466071217,
      "ci_low": 0.21565729812507328,
      "ci_high": 0.2754505834213415,
      "n": 30
    },
    "filler_span": {
      "mean": -0.0031518789084858966,
      "ci_low": -0.004323401463346825,
      "ci_high": -0.0020854921757600853,
      "n": 30
    }
  },
  "3": {
    "import_span": {
      "mean": -0.058352907649002556,
      "ci_low": -0.0700052912193,
      "ci_high": -0.04715483048781719,
      "n": 30
    },
    "use_alias": {
      "mean": 0.5001239684147685,
      "ci_low": 0.46253605587683944,
      "ci_high": 0.5428884612154755,
      "n": 30
    },
    "final_pos": {
      "mean": 0.30060220244806146,
      "ci_low": 0.27190945055829796,
      "ci_high": 0.33044045097473734,
      "n": 30
    },
    "filler_span": {
      "mean": -0.003355942119622915,
      "ci_low": -0.004480932951586695,
      "ci_high": -0.0022406825764865867,
      "n": 30
    }
  },
  "4": {
    "import_span": {
      "mean": -0.05924179507569082,
      "ci_low": -0.07100356657733213,
      "ci_high": -0.04921530816369999,
      "n": 30
    },
    "use_alias": {
      "mean": 0.4188094007893032,
      "ci_low": 0.382450093501159,
      "ci_high": 0.45783421876668534,
      "n": 30
    },
    "final_pos": {
      "mean": 0.28029049024580294,
      "ci_low": 0.2541000735606197,
      "ci_high": 0.30770866638114647,
      "n": 30
    },
    "filler_span": {
      "mean": -0.00275719383415288,
      "ci_low": -0.004269693640022985,
      "ci_high": -0.0013033230060411868,
      "n": 30
    }
  },
  "5": {
    "import_span": {
      "mean": -0.056652693628564364,
      "ci_low": -0.06741351715408016,
      "ci_high": -0.046615286350227776,
      "n": 30
    },
    "use_alias": {
      "mean": 0.3911952188129506,
      "ci_low": 0.35658099264832305,
      "ci_high": 0.4300866074030748,
      "n": 30
    },
    "final_pos": {
      "mean": 0.25127012803170107,
      "ci_low": 0.22751916495399652,
      "ci_high": 0.27789274216438503,
      "n": 30
    },
    "filler_span": {
      "mean": -0.001772370806954008,
      "ci_low": -0.003650653543842182,
      "ci_high": -5.461993509104455e-05,
      "n": 30
    }
  },
  "6": {
    "import_span": {
      "mean": -0.0536809104529371,
      "ci_low": -0.06399009331065421,
      "ci_high": -0.044063745033569274,
      "n": 30
    },
    "use_alias": {
      "mean": 0.3392348966410755,
      "ci_low": 0.30632693967061947,
      "ci_high": 0.37264571656637774,
      "n": 30
    },
    "final_pos": {
      "mean": 0.2847884866776022,
      "ci_low": 0.26022846341676137,
      "ci_high": 0.3112625612153037,
      "n": 30
    },
    "filler_span": {
      "mean": -0.0018727368673101528,
      "ci_low": -0.0038080996564131327,
      "ci_high": -0.00012894911402526525,
      "n": 30
    }
  },
  "7": {
    "import_span": {
      "mean": -0.06192517577020554,
      "ci_low": -0.07297279208464132,
      "ci_high": -0.05136740036933915,
      "n": 30
    },
    "use_alias": {
      "mean": 0.304918770037775,
      "ci_low": 0.2733648038580355,
      "ci_high": 0.33693513501122146,
      "n": 30
    },
    "final_pos": {
      "mean": 0.2943734776810629,
      "ci_low": 0.26723132196032306,
      "ci_high": 0.3234083160767201,
      "n": 30
    },
    "filler_span": {
      "mean": -0.002053320866375405,
      "ci_low": -0.003928679535219205,
      "ci_high": -0.0003396339286304476,
      "n": 30
    }
  },
  "8": {
    "import_span": {
      "mean": 0.015829472136768694,
      "ci_low": 0.01249953230004988,
      "ci_high": 0.019347658409116276,
      "n": 30
    },
    "use_alias": {
      "mean": 0.17497744399809143,
      "ci_low": 0.15204407303045828,
      "ci_high": 0.20003360363152445,
      "n": 30
    },
    "final_pos": {
      "mean": 0.40273682364716884,
      "ci_low": 0.3715771510080578,
      "ci_high": 0.4335841296530021,
      "n": 30
    },
    "filler_span": {
      "mean": -0.0028912721736671964,
      "ci_low": -0.004876789799689155,
      "ci_high": -0.0010168883840014301,
      "n": 30
    }
  },
  "9": {
    "import_span": {
      "mean": 0.008332205179985907,
      "ci_low": 0.00533344336524267,
      "ci_high": 0.011223788816016454,
      "n": 30
    },
    "use_alias": {
      "mean": 0.35068560188077674,
      "ci_low": 0.2966456565787945,
      "ci_high": 0.4044515771867122,
      "n": 30
    },
    "final_pos": {
      "mean": 0.3889539879095828,
      "ci_low": 0.3595259643988734,
      "ci_high": 0.4180915809652655,
      "n": 30
    },
    "filler_span": {
      "mean": -0.0021744357467885444,
      "ci_low": -0.004084415651271652,
      "ci_high": -0.0004426392319344096,
      "n": 30
    }
  },
  "10": {
    "import_span": {
      "mean": -0.003316154128100572,
      "ci_low": -0.005780983315545274,
      "ci_high": -0.0010641156334813369,
      "n": 30
    },
    "use_alias": {
      "mean": 0.20254938587164084,
      "ci_low": 0.15321830606304496,
      "ci_high": 0.24939836093174622,
      "n": 30
    },
    "final_pos": {
      "mean": 0.39979484606564963,
      "ci_low": 0.3766506649880134,
      "ci_high": 0.4243961839324773,
      "n": 30
    },
    "filler_span": {
      "mean": -0.00035883241681707446,
      "ci_low": -0.0021358775284728323,
      "ci_high": 0.0012631020739490512,
      "n": 30
    }
  },
  "11": {
    "import_span": {
      "mean": -0.002959080497147259,
      "ci_low": -0.004952034781757385,
      "ci_high": -0.0009848670400754004,
      "n": 30
    },
    "use_alias": {
      "mean": 0.26582497628186613,
      "ci_low": 0.2119334798069674,
      "ci_high": 0.3195383941913672,
      "n": 30
    },
    "final_pos": {
      "mean": 0.40564245564502727,
      "ci_low": 0.38276740626849803,
      "ci_high": 0.4281597455796014,
      "n": 30
    },
    "filler_span": {
      "mean": 0.00013636430119333195,
      "ci_low": -0.0015525911930611748,
      "ci_high": 0.0017305449805480177,
      "n": 30
    }
  },
  "12": {
    "import_span": {
      "mean": -0.010833375030977456,
      "ci_low": -0.013095432587318191,
      "ci_high": -0.008804145659495692,
      "n": 30
    },
    "use_alias": {
      "mean": 0.1499565927918253,
      "ci_low": 0.10742709027888814,
      "ci_high": 0.19340976005759525,
      "n": 30
    },
    "final_pos": {
      "mean": 0.40967890509512406,
      "ci_low": 0.39241419698646895,
      "ci_high": 0.42707420830685516,
      "n": 30
    },