{
  "0": {
    "import_span": {
      "mean": -0.04369116741885723,
      "ci_low": -0.06201790019176558,
      "ci_high": -0.026767928625553175,
      "n": 30
    },
    "use_alias": {
      "mean": 0.7872687123022614,
      "ci_low": 0.7633351414970604,
      "ci_high": 0.8124397096265955,
      "n": 30
    },
    "final_pos": {
      "mean": 0.03994459032732199,
      "ci_low": 0.03360784204760272,
      "ci_high": 0.04621296584661661,
      "n": 30
    },
    "filler_span": {
      "mean": 0.0,
      "ci_low": 0.0,
      "ci_high": 0.0,
      "n": 30
    }
  },
  "1": {
    "import_span": {
      "mean": -0.04913296573303232,
      "ci_low": -0.06684794502156656,
      "ci_high": -0.03202599956767801,
      "n": 30
    },
    "use_alias": {
      "mean": 0.7581323920919283,
      "ci_low": 0.7364820485677416,
      "ci_high": 0.7780153892279429,
      "n": 30
    },
    "final_pos": {
      "mean": 0.13205877595872295,
      "ci_low": 0.11225367472633208,
      "ci_high": 0.15284901778356255,
      "n": 30
    },
    "filler_span": {
      "mean": 0.0,
      "ci_low": 0.0,
      "ci_high": 0.0,
      "n": 30
    }
  },
  "2": {
    "import_span": {
      "mean": -0.04610708938401679,
      "ci_low": -0.06404892310695008,
      "ci_high": -0.030038915306230877,
      "n": 30
    },
    "use_alias": {
      "mean": 0.6704085261305399,
      "ci_low": 0.6427640619934972,
      "ci_high": 0.6994358561963284,
      "n": 30
    },
    "final_pos": {
      "mean": 0.20442794264892,
      "ci_low": 0.17140752716955365,
      "ci_high": 0.2390483771230223,
      "n": 30
    },
    "filler_span": {
      "mean": 0.0,
      "ci_low": 0.0,
      "ci_high": 0.0,
      "n": 30
    }
  },
  "3": {
    "import_span": {
      "mean": -0.040241459262392504,
      "ci_low": -0.057492507991516374,
      "ci_high": -0.023550162916748423,
      "n": 30
    },
    "use_alias": {
      "mean": 0.5725505431185681,
      "ci_low": 0.545865617994504,
      "ci_high": 0.6012168270410276,
      "n": 30
    },
    "final_pos": {
      "mean": 0.2607801269258733,
      "ci_low": 0.21961907039611395,
      "ci_high": 0.30482589780302916,
      "n": 30
    },
    "filler_span": {
      "mean": 0.0,
      "ci_low": 0.0,
      "ci_high": 0.0,
      "n": 30
    }
  },
  "4": {
    "import_span": {
      "mean": -0.04451777500532882,
      "ci_low": -0.05968467859711787,
      "ci_high": -0.030511295922497603,
      "n": 30
    },
    "use_alias": {
      "mean": 0.5607836358994782,
      "ci_low": 0.5364722662809601,
      "ci_high": 0.5872865046694664,
      "n": 30
    },
    "final_pos": {
      "mean": 0.3072738189671529,
      "ci_low": 0.2667708266983292,
      "ci_high": 0.3510988508157637,
      "n": 30
    },
    "filler_span": {
      "mean": 0.0,
      "ci_low": 0.0,
      "ci_high": 0.0,
      "n": 30
    }
  },
  "5": {
    "import_span": {
      "mean": -0.04757288046559103,
      "ci_low": -0.06198367986440812,
      "ci_high": -0.03501121436339218,
      "n": 30
    },
    "use_alias": {
      "mean": 0.5560032688753733,
      "ci_low": 0.5311919102659576,
      "ci_high": 0.5818903084368322,
      "n": 30
    },
    "final_pos": {
      "mean": 0.29610885468381765,
      "ci_low": 0.25689904268401265,
      "ci_high": 0.3369597897264486,
      "n": 30
    },
    "filler_span": {
      "mean": 0.0,
      "ci_low": 0.0,
      "ci_high": 0.0,
      "n": 30
    }
  },
  "6": {
    "import_span": {
      "mean": -0.04471717972688646,
      "ci_low": -0.05881554358920385,
      "ci_high": -0.032323067899063196,
      "n": 30
    },
    "use_alias": {
      "mean": 0.5185580757586075,
      "ci_low": 0.49278183471097,
      "ci_high": 0.5468020308882025,
      "n": 30
    },
    "final_pos": {
      "mean": 0.3499481622297039,
      "ci_low": 0.31172216534273595,
      "ci_high": 0.3888634935564697,
      "n": 30
    },
    "filler_span": {
      "mean": 0.0,
      "ci_low": 0.0,
      "ci_high": 0.0,
      "n": 30
    }
  },
  "7": {
    "import_span": {
      "mean": -0.04402672095322484,
      "ci_low": -0.05791098279347232,
      "ci_high": -0.031171692649277712,
      "n": 30
    },
    "use_alias": {
      "mean": 0.5423999559628783,
      "ci_low": 0.5203551698547765,
      "ci_high": 0.5676997177358568,
      "n": 30
    },
    "final_pos": {
      "mean": 0.3593290907941629,
      "ci_low": 0.322843938355984,
      "ci_high": 0.39916350079872076,
      "n": 30
    },
    "filler_span": {
      "mean": 0.0,
      "ci_low": 0.0,
      "ci_high": 0.0,
      "n": 30
    }
  },
  "8": {
    "import_span": {
      "mean": 0.06587743249069271,
      "ci_low": 0.053452727204631775,
      "ci_high": 0.0786299445909911,
      "n": 30
    },
    "use_alias": {
      "mean": 0.44421438751729553,
      "ci_low": 0.4235030028864215,
      "ci_high": 0.464961900630802,
      "n": 30
    },
    "final_pos": {
      "mean": 0.5553404530705242,
      "ci_low": 0.5156259435135774,
      "ci_high": 0.5956318642216399,
      "n": 30
    },
    "filler_span": {
      "mean": 0.0,
      "ci_low": 0.0,
      "ci_high": 0.0,
      "n": 30
    }
  },
  "9": {
    "import_span": {
      "mean": 0.051868777945687575,
      "ci_low": 0.04086790048597186,
      "ci_high": 0.06318537987862662,
      "n": 30
    },
    "use_alias": {
      "mean": 0.7859154091383315,
      "ci_low": 0.7606259984521365,
      "ci_high": 0.8110263689216551,
      "n": 30
    },
    "final_pos": {
      "mean": 0.5505273427073304,
      "ci_low": 0.5114787661187313,
      "ci_high": 0.5907813555591352,
      "n": 30
    },
    "filler_span": {
      "mean": 0.0,
      "ci_low": 0.0,
      "ci_high": 0.0,
      "n": 30
    }
  },
  "10": {
    "import_span": {
      "mean": 0.0394498685280453,
      "ci_low": 0.03131076686222693,
      "ci_high": 0.04840493486274456,
      "n": 30
    },
    "use_alias": {
      "mean": 0.59541936629174,
      "ci_low": 0.5650747310319972,
      "ci_high": 0.6247258043621376,
      "n": 30
    },
    "final_pos": {
      "mean": 0.5659732030199137,
      "ci_low": 0.5318124339823883,
      "ci_high": 0.6025985162441356,
      "n": 30
    },
    "filler_span": {
      "mean": 0.0,
      "ci_low": 0.0,
      "ci_high": 0.0,
      "n": 30
    }
  },
  "11": {
    "import_span": {
      "mean": 0.03866088450339536,
      "ci_low": 0.030908161520697412,
      "ci_high": 0.04646670697800307,
      "n": 30
    },
    "use_alias": {
      "mean": 0.5995869974343273,
      "ci_low": 0.5723391942442125,
      "ci_high": 0.6263656070837389,
      "n": 30
    },
    "final_pos": {
      "mean": 0.5740094324613221,
      "ci_low": 0.5397534502979526,
      "ci_high": 0.6103915445246494,
      "n": 30
    },
    "filler_span": {
      "mean": 0.0,
      "ci_low": 0.0,
      "ci_high": 0.0,
      "n": 30
    }
  },
  "12": {
    "import_span": {
      "mean": 0.014284782060319393,
      "ci_low": 0.008461206096617721,
      "ci_high": 0.020479959251866416,
      "n": 30
    },
    "use_alias": {
      "mean": 0.506137674934277,
      "ci_low": 0.47782122327917204,
      "ci_high": 0.5344426775216315,
      "n": 30
    },
    "final_pos": {
      "mean": 0.5574212021180596,
      "ci_low": 0.521364721390852,
      "ci_high": 0.5962959257587787,
      "n": 30
    },
    "filler_span": {
      "mean": 0.0,
      "ci_low": 0.0,
      "ci_high": 0.0,
      "n": 30
    }
  },
  "13": {
    "import_span": {
      "mean": 0.02308409279308968,
      "ci_low": 0.018839021498410206,
      "ci_high": 0.027413034008505456,
      "n": 30
    },
    "use_alias": {
      "mean": 0.43500385734372565,
      "ci_low": 0.4089927853053521,
      "ci_high": 0.4612426620107289,
      "n": 30
    },
    "final_pos": {
      "mean": 0.6195970780538913,
      "ci_low": 0.5886441110516414,
      "ci_high": 0.6551548763201845,
      "n": 30
    },
    "filler_span": {
      "mean": 0.0,
      "ci_low": 0.0,
      "ci_high": 0.0,
      "n": 30
    }
  },
  "14": {
    "import_span": {
      "mean": 0.0020257453120997525,