{
  "0": {
    "import_span": {
      "mean": -0.01060636748218579,
      "ci_low": -0.026908166753342108,
      "ci_high": 0.004865166507812293,
      "n": 30
    },
    "use_alias": {
      "mean": 0.9644210784837833,
      "ci_low": 0.8837679096895201,
      "ci_high": 1.054132945034331,
      "n": 30
    },
    "final_pos": {
      "mean": -0.19690354127117168,
      "ci_low": -0.22725254471721293,
      "ci_high": -0.1707062497725567,
      "n": 30
    },
    "filler_span": {
      "mean": -0.0024606616641154712,
      "ci_low": -0.0033826937082008946,
      "ci_high": -0.0015517557923029532,
      "n": 30
    }
  },
  "1": {
    "import_span": {
      "mean": -0.02570491333926252,
      "ci_low": -0.03585690079826679,
      "ci_high": -0.01595289727949965,
      "n": 30
    },
    "use_alias": {
      "mean": 0.8848717050254193,
      "ci_low": 0.8044991018406205,
      "ci_high": 0.9721555043495627,
      "n": 30
    },
    "final_pos": {
      "mean": -0.09579529472447061,
      "ci_low": -0.1177938489505209,
      "ci_high": -0.07622029844475453,
      "n": 30
    },
    "filler_span": {
      "mean": -0.002290526484542607,
      "ci_low": -0.0034352228563777295,
      "ci_high": -0.0011877439974147207,
      "n": 30
    }
  },
  "2": {
    "import_span": {
      "mean": -0.023145441047051424,
      "ci_low": -0.0336507951614509,
      "ci_high": -0.013300523175638151,
      "n": 30
    },
    "use_alias": {
      "mean": 0.8385629807595405,
      "ci_low": 0.7622950165694752,
      "ci_high": 0.9274303873060059,
      "n": 30
    },
    "final_pos": {
      "mean": -0.11788178564632171,
      "ci_low": -0.1439134385154718,
      "ci_high": -0.09454065895867962,
      "n": 30
    },
    "filler_span": {
      "mean": -0.0033356127231979494,
      "ci_low": -0.004420279033178614,
      "ci_high": -0.0023773749204946057,
      "n": 30
    }
  },
  "3": {
    "import_span": {
      "mean": -0.02807451804492948,
      "ci_low": -0.03892339568367615,
      "ci_high": -0.018360658453566565,
      "n": 30
    },
    "use_alias": {
      "mean": 0.696115774291751,
      "ci_low": 0.6324859793762301,
      "ci_high": 0.7611269283113711,
      "n": 30
    },
    "final_pos": {
      "mean": -0.0725922441961311,
      "ci_low": -0.09877328902567822,
      "ci_high": -0.04777924918117543,
      "n": 30
    },
    "filler_span": {
      "mean": 0.003669150795599699,
      "ci_low": 0.0014254106074339157,
      "ci_high": 0.005799860127226086,
      "n": 30
    }
  },
  "4": {
    "import_span": {
      "mean": -0.029413555470475593,
      "ci_low": -0.037644667305698536,
      "ci_high": -0.021313776620204235,
      "n": 30
    },
    "use_alias": {
      "mean": 0.4147469560231338,
      "ci_low": 0.3600985365489717,
      "ci_high": 0.47534749656321007,
      "n": 30
    },
    "final_pos": {
      "mean": -0.10359791561556468,
      "ci_low": -0.13194998116639606,
      "ci_high": -0.07702513310284743,
      "n": 30
    },
    "filler_span": {
      "mean": 0.0002451583699897823,
      "ci_low": -0.0020872093224042526,
      "ci_high": 0.002549679554490157,
      "n": 30
    }
  },
  "5": {
    "import_span": {
      "mean": -0.03391291191348613,
      "ci_low": -0.042755309981259065,
      "ci_high": -0.02521397054818674,
      "n": 30
    },
    "use_alias": {
      "mean": 0.31686578323702314,
      "ci_low": 0.2619991412038711,
      "ci_high": 0.380909795876323,
      "n": 30
    },
    "final_pos": {
      "mean": -0.10036161298106493,
      "ci_low": -0.12730353184529206,
      "ci_high": -0.07484801932577584,
      "n": 30
    },
    "filler_span": {
      "mean": -0.0023640519849792365,
      "ci_low": -0.0051013061088686215,
      "ci_high": 0.00036592902795219305,
      "n": 30
    }
  },
  "6": {
    "import_span": {
      "mean": -0.02357690080226493,
      "ci_low": -0.03310310259641236,
      "ci_high": -0.014105364686724887,
      "n": 30
    },
    "use_alias": {
      "mean": 0.3800191450498671,
      "ci_low": 0.32934503223383305,
      "ci_high": 0.4361571197087078,
      "n": 30
    },
    "final_pos": {
      "mean": -0.09256587241881335,
      "ci_low": -0.12043736967324443,
      "ci_high": -0.06574910578387795,
      "n": 30
    },
    "filler_span": {
      "mean": -0.00472813661040712,
      "ci_low": -0.0078816730878655,
      "ci_high": -0.0017713510374712347,
      "n": 30
    }
  },
  "7": {
    "import_span": {
      "mean": -0.029342436529213645,
      "ci_low": -0.03795356200854342,
      "ci_high": -0.02127464768137513,
      "n": 30
    },
    "use_alias": {
      "mean": 0.01739903885104926,
      "ci_low": -0.03700968701105344,
      "ci_high": 0.07708455074107691,
      "n": 30
    },
    "final_pos": {
      "mean": -0.06735989375520758,
      "ci_low": -0.09669438080202461,
      "ci_high": -0.040567547908113975,
      "n": 30
    },
    "filler_span": {
      "mean": -0.0034096572452462738,
      "ci_low": -0.006474583811429885,
      "ci_high": -0.000452340057797455,
      "n": 30
    }
  },
  "8": {
    "import_span": {
      "mean": -0.02321895250508175,
      "ci_low": -0.03116099991940776,
      "ci_high": -0.015526825509649905,
      "n": 30
    },
    "use_alias": {
      "mean": 0.3116861584204557,
      "ci_low": 0.269829635576706,
      "ci_high": 0.35486162710456337,
      "n": 30
    },
    "final_pos": {
      "mean": 0.027053702757057138,
      "ci_low": 0.004446897177067467,
      "ci_high": 0.04833216736049743,
      "n": 30
    },
    "filler_span": {
      "mean": -0.0044518343368880765,
      "ci_low": -0.007528739218757754,
      "ci_high": -0.0013539914503935418,
      "n": 30
    }
  },
  "9": {
    "import_span": {
      "mean": -0.01955400856570596,
      "ci_low": -0.027054438844294895,
      "ci_high": -0.01235154538650292,
      "n": 30
    },
    "use_alias": {
      "mean": 0.16496093486206692,
      "ci_low": 0.12468791708172583,
      "ci_high": 0.20574821313124628,
      "n": 30
    },
    "final_pos": {
      "mean": 0.050044649068434796,
      "ci_low": 0.029408624167461036,
      "ci_high": 0.06989040947315775,
      "n": 30
    },
    "filler_span": {
      "mean": -0.004008839520523584,
      "ci_low": -0.007304483745961653,
      "ci_high": -0.0008598825527526803,
      "n": 30
    }
  },
  "10": {
    "import_span": {
      "mean": -0.016234735145051308,
      "ci_low": -0.02383891686158299,
      "ci_high": -0.008644999360047829,
      "n": 30
    },
    "use_alias": {
      "mean": 0.14951791656659547,
      "ci_low": 0.10933911137002998,
      "ci_high": 0.19237691477298102,
      "n": 30
    },
    "final_pos": {
      "mean": 0.04666150141811687,
      "ci_low": 0.025715867818982743,
      "ci_high": 0.06775629838754008,
      "n": 30
    },
    "filler_span": {
      "mean": -0.004607856596339684,
      "ci_low": -0.008213207868444218,
      "ci_high": -0.001269733457855417,
      "n": 30
    }
  },
  "11": {
    "import_span": {
      "mean": -0.016277703731162038,
      "ci_low": -0.023387640108248522,
      "ci_high": -0.00918658652879583,
      "n": 30
    },
    "use_alias": {
      "mean": 0.12975304859339676,
      "ci_low": 0.09138286441433477,
      "ci_high": 0.16697306648671195,
      "n": 30
    },
    "final_pos": {
      "mean": 0.06332416762123243,
      "ci_low": 0.04239378531300478,
      "ci_high": 0.08303277833786546,
      "n": 30
    },
    "filler_span": {
      "mean": -0.004560245797597093,
      "ci_low": -0.008329103878766926,
      "ci_high": -0.001215035533363979,
      "n": 30
    }
  },
  "12": {
    "import_span": {
      "mean": -0.012993701478486675,
      "ci_low": -0.020088778163186414,
      "ci_high": -0.0056062180028271565,
      "n": 30
    },
    "use_alias": {
      "mean": 0.08515537459327643,
      "ci_low": 0.041850323811905676,
      "ci_high": 0.12926010185122894,
      "n": 30
    },
    "final_pos": {
      "mean": 0.0582450378660515,
      "ci_low": 0.037806619726181406,
      "ci_high": 0.07877769423611333,