{
  "0": {
    "import_span": {
      "mean": 0.25301521492992196,
      "ci_low": 0.22911182374535885,
      "ci_high": 0.27687326956612024,
      "n": 30
    },
    "use_alias": {
      "mean": 1.0123604941695585,
      "ci_low": 0.9966283523873558,
      "ci_high": 1.0293658531750784,
      "n": 30
    },
    "final_pos": {
      "mean": -0.03303925559594326,
      "ci_low": -0.039918591443101184,
      "ci_high": -0.0259746146497672,
      "n": 30
    },
    "filler_span": {
      "mean": 0.0,
      "ci_low": 0.0,
      "ci_high": 0.0,
      "n": 30
    }
  },
  "1": {
    "import_span": {
      "mean": 0.26019122140513473,
      "ci_low": 0.23706604553874544,
      "ci_high": 0.28317077148910247,
      "n": 30
    },
    "use_alias": {
      "mean": 0.9422221339190942,
      "ci_low": 0.9272305545595392,
      "ci_high": 0.9592651545951086,
      "n": 30
    },
    "final_pos": {
      "mean": 0.0024079479209589793,
      "ci_low": -0.003870897329225261,
      "ci_high": 0.008642237419512198,
      "n": 30
    },
    "filler_span": {
      "mean": 0.0,
      "ci_low": 0.0,
      "ci_high": 0.0,
      "n": 30
    }
  },
  "2": {
    "import_span": {
      "mean": 0.2524746573024275,
      "ci_low": 0.22726165580945304,
      "ci_high": 0.27704765453857416,
      "n": 30
    },
    "use_alias": {
      "mean": 0.8392161563352175,
      "ci_low": 0.8088896718302208,
      "ci_high": 0.8669073834288351,
      "n": 30
    },
    "final_pos": {
      "mean": 0.06046417841699544,
      "ci_low": 0.0500033799571332,
      "ci_high": 0.07082930224135309,
      "n": 30
    },
    "filler_span": {
      "mean": 0.0,
      "ci_low": 0.0,
      "ci_high": 0.0,
      "n": 30
    }
  },
  "3": {
    "import_span": {
      "mean": 0.23274182183675032,
      "ci_low": 0.2105806517333324,
      "ci_high": 0.2543635996221966,
      "n": 30
    },
    "use_alias": {
      "mean": 0.6876301704451577,
      "ci_low": 0.6321788913498235,
      "ci_high": 0.7438505792342139,
      "n": 30
    },
    "final_pos": {
      "mean": 0.13893072030568554,
      "ci_low": 0.1267970928811964,
      "ci_high": 0.15135987572851264,
      "n": 30
    },
    "filler_span": {
      "mean": 0.0,
      "ci_low": 0.0,
      "ci_high": 0.0,
      "n": 30
    }
  },
  "4": {
    "import_span": {
      "mean": 0.22445566622356014,
      "ci_low": 0.20359925020886244,
      "ci_high": 0.24487951971992136,
      "n": 30
    },
    "use_alias": {
      "mean": 0.6772404528091207,
      "ci_low": 0.6269235688132385,
      "ci_high": 0.7264705231910215,
      "n": 30
    },
    "final_pos": {
      "mean": 0.13186210751366517,
      "ci_low": 0.11960287379866823,
      "ci_high": 0.14423142768829877,
      "n": 30
    },
    "filler_span": {
      "mean": 0.0,
      "ci_low": 0.0,
      "ci_high": 0.0,
      "n": 30
    }
  },
  "5": {
    "import_span": {
      "mean": 0.2307297165173819,
      "ci_low": 0.2097329543672957,
      "ci_high": 0.25221938590939236,
      "n": 30
    },
    "use_alias": {
      "mean": 0.7194521126760332,
      "ci_low": 0.6750062420270514,
      "ci_high": 0.7638359025662376,
      "n": 30
    },
    "final_pos": {
      "mean": 0.13492053478498608,
      "ci_low": 0.12257760374292206,
      "ci_high": 0.14701195155932678,
      "n": 30
    },
    "filler_span": {
      "mean": 0.0,
      "ci_low": 0.0,
      "ci_high": 0.0,
      "n": 30
    }
  },
  "6": {
    "import_span": {
      "mean": 0.2268564335313124,
      "ci_low": 0.2060006704706893,
      "ci_high": 0.24818199894094017,
      "n": 30
    },
    "use_alias": {
      "mean": 0.6892591770550426,
      "ci_low": 0.650377892047971,
      "ci_high": 0.7279770283693154,
      "n": 30
    },
    "final_pos": {
      "mean": 0.12920365682089754,
      "ci_low": 0.11613678812106985,
      "ci_high": 0.14261943636360924,
      "n": 30
    },
    "filler_span": {
      "mean": 0.0,
      "ci_low": 0.0,
      "ci_high": 0.0,
      "n": 30
    }
  },
  "7": {
    "import_span": {
      "mean": 0.23719673342201475,
      "ci_low": 0.2165864463566739,
      "ci_high": 0.26055551929191934,
      "n": 30
    },
    "use_alias": {
      "mean": 0.6774529196418112,
      "ci_low": 0.6348827370358302,
      "ci_high": 0.7178866942094625,
      "n": 30
    },
    "final_pos": {
      "mean": 0.13792599490338098,
      "ci_low": 0.12545733385461758,
      "ci_high": 0.15029255626509708,
      "n": 30
    },
    "filler_span": {
      "mean": 0.0,
      "ci_low": 0.0,
      "ci_high": 0.0,
      "n": 30
    }
  },
  "8": {
    "import_span": {
      "mean": 0.01632779773170863,
      "ci_low": 0.006059770179301293,
      "ci_high": 0.02541878227066136,
      "n": 30
    },
    "use_alias": {
      "mean": 0.48470289031486846,
      "ci_low": 0.44180417779174125,
      "ci_high": 0.527099559719769,
      "n": 30
    },
    "final_pos": {
      "mean": 0.18850340434036464,
      "ci_low": 0.17596233796315897,
      "ci_high": 0.20146218484413642,
      "n": 30
    },
    "filler_span": {
      "mean": 0.0,
      "ci_low": 0.0,
      "ci_high": 0.0,
      "n": 30
    }
  },
  "9": {
    "import_span": {
      "mean": 0.008275684717193376,
      "ci_low": -0.00132673788946247,
      "ci_high": 0.017454018983984857,
      "n": 30
    },
    "use_alias": {
      "mean": 0.47645627061226137,
      "ci_low": 0.43649456603448594,
      "ci_high": 0.5149911354514445,
      "n": 30
    },
    "final_pos": {
      "mean": 0.19047048428844846,
      "ci_low": 0.1782297894190293,
      "ci_high": 0.20323965878015823,
      "n": 30
    },
    "filler_span": {
      "mean": 0.0,
      "ci_low": 0.0,
      "ci_high": 0.0,
      "n": 30
    }
  },
  "10": {
    "import_span": {
      "mean": 2.211610198898003e-06,
      "ci_low": -0.009020428225474043,
      "ci_high": 0.008710525126036426,
      "n": 30
    },
    "use_alias": {
      "mean": 0.46941039611744295,
      "ci_low": 0.4332534922719494,
      "ci_high": 0.5043846289151066,
      "n": 30
    },
    "final_pos": {
      "mean": 0.33034912224452134,
      "ci_low": 0.3118510822630619,
      "ci_high": 0.3475569230310303,
      "n": 30
    },
    "filler_span": {
      "mean": 0.0,
      "ci_low": 0.0,
      "ci_high": 0.0,
      "n": 30
    }
  },
  "11": {
    "import_span": {
      "mean": -0.0013042987533748787,
      "ci_low": -0.010830332143570941,
      "ci_high": 0.00794266346376187,
      "n": 30
    },
    "use_alias": {
      "mean": 0.3688741189836155,
      "ci_low": 0.33696229542872375,
      "ci_high": 0.40006905721461744,
      "n": 30
    },
    "final_pos": {
      "mean": 0.3236893552464157,
      "ci_low": 0.3058191986351289,
      "ci_high": 0.34097029843869686,
      "n": 30
    },
    "filler_span": {
      "mean": 0.0,
      "ci_low": 0.0,
      "ci_high": 0.0,
      "n": 30
    }
  },
  "12": {
    "import_span": {
      "mean": 0.0007711046064762042,
      "ci_low": -0.008735151498597523,
      "ci_high": 0.00964442191884142,
      "n": 30
    },
    "use_alias": {
      "mean": 0.3792114720373284,
      "ci_low": 0.3477920739103703,
      "ci_high": 0.4101417549779846,
      "n": 30
    },
    "final_pos": {
      "mean": 0.4215981298740921,
      "ci_low": 0.3957717863552174,
      "ci_high": 0.4448235436148681,
      "n": 30
    },
    "filler_span": {
      "mean": 0.0,
      "ci_low": 0.0,
      "ci_high": 0.0,
      "n": 30
    }
  },
  "13": {
    "import_span": {
      "mean": -0.00630366198525369,
      "ci_low": -0.014834288001091463,
      "ci_high": 0.0012686029971750385,
      "n": 30
    },
    "use_alias": {
      "mean": 0.3247383072294944,
      "ci_low": 0.29872269363901605,
      "ci_high": 0.3511439525625417,
      "n": 30
    },
    "final_pos": {
      "mean": 0.4730876596577292,
      "ci_low": 0.44818874146048954,
      "ci_high": 0.49683329000652177,
      "n": 30
    },
    "filler_span": {
      "mean": 0.0,
      "ci_low": 0.0,
      "ci_high": 0.0,
      "n": 30
    }
  },