{
  "0": {
    "import_span": {
      "mean": 0.09259339118387142,
      "ci_low": 0.03203985581430209,
      "ci_high": 0.14633201445617564,
      "n": 30
    },
    "use_alias": {
      "mean": 0.9930578663348307,
      "ci_low": 0.9798503352830271,
      "ci_high": 1.0058334808700735,
      "n": 30
    },
    "final_pos": {
      "mean": 0.0033821082039419454,
      "ci_low": -0.0017570969701239162,
      "ci_high": 0.008238569686775062,
      "n": 30
    },
    "filler_span": {
      "mean": -0.00010547821382813915,
      "ci_low": -0.0012259154926699835,
      "ci_high": 0.0009899883240177675,
      "n": 30
    }
  },
  "1": {
    "import_span": {
      "mean": 0.09569982296598344,
      "ci_low": 0.03311704605073977,
      "ci_high": 0.1495465723597226,
      "n": 30
    },
    "use_alias": {
      "mean": 0.8802235427164155,
      "ci_low": 0.8544008264052474,
      "ci_high": 0.9039833800650406,
      "n": 30
    },
    "final_pos": {
      "mean": 0.036845662645951155,
      "ci_low": 0.03160421317943201,
      "ci_high": 0.04238092798032167,
      "n": 30
    },
    "filler_span": {
      "mean": -0.004172124666079187,
      "ci_low": -0.006405739962260641,
      "ci_high": -0.001963769075876456,
      "n": 30
    }
  },
  "2": {
    "import_span": {
      "mean": 0.09220535996626691,
      "ci_low": 0.029251790337563668,
      "ci_high": 0.14921746985428447,
      "n": 30
    },
    "use_alias": {
      "mean": 0.7526250450701581,
      "ci_low": 0.7085455304604092,
      "ci_high": 0.7944919756398976,
      "n": 30
    },
    "final_pos": {
      "mean": 0.22160019092100086,
      "ci_low": 0.20484602242278854,
      "ci_high": 0.24027597661504,
      "n": 30
    },
    "filler_span": {
      "mean": -0.0033828672900585335,
      "ci_low": -0.005681089202588602,
      "ci_high": -0.0011445095982251425,
      "n": 30
    }
  },
  "3": {
    "import_span": {
      "mean": 0.0697077739519568,
      "ci_low": 0.011940884520340518,
      "ci_high": 0.11997741913491247,
      "n": 30
    },
    "use_alias": {
      "mean": 0.6387612878683673,
      "ci_low": 0.5891147788467886,
      "ci_high": 0.6858501017479368,
      "n": 30
    },
    "final_pos": {
      "mean": 0.3558927976548457,
      "ci_low": 0.33413041207256633,
      "ci_high": 0.379410461036198,
      "n": 30
    },
    "filler_span": {
      "mean": -0.004393828131924805,
      "ci_low": -0.00681177300483704,
      "ci_high": -0.0018942619407371776,
      "n": 30
    }
  },
  "4": {
    "import_span": {
      "mean": 0.08919680351838247,
      "ci_low": 0.03098225040360026,
      "ci_high": 0.13882429019403417,
      "n": 30
    },
    "use_alias": {
      "mean": 0.6869523381253624,
      "ci_low": 0.642855743646234,
      "ci_high": 0.7271448114813738,
      "n": 30
    },
    "final_pos": {
      "mean": 0.40667675141412146,
      "ci_low": 0.3842499556639649,
      "ci_high": 0.43172165522677125,
      "n": 30
    },
    "filler_span": {
      "mean": -0.01337481146760459,
      "ci_low": -0.01756040506788723,
      "ci_high": -0.008976985091973685,
      "n": 30
    }
  },
  "5": {
    "import_span": {
      "mean": 0.10399649256545454,
      "ci_low": 0.04461897917123962,
      "ci_high": 0.1540817327988804,
      "n": 30
    },
    "use_alias": {
      "mean": 0.7131799808108908,
      "ci_low": 0.675334415960392,
      "ci_high": 0.7508595821412446,
      "n": 30
    },
    "final_pos": {
      "mean": 0.40940577209884144,
      "ci_low": 0.38629143126692095,
      "ci_high": 0.434609479248767,
      "n": 30
    },
    "filler_span": {
      "mean": -0.00914504884793146,
      "ci_low": -0.013581296461344535,
      "ci_high": -0.004380626588925528,
      "n": 30
    }
  },
  "6": {
    "import_span": {
      "mean": 0.10177314807032617,
      "ci_low": 0.044980278088488944,
      "ci_high": 0.15229398032153046,
      "n": 30
    },
    "use_alias": {
      "mean": 0.6743550564820541,
      "ci_low": 0.634569689108323,
      "ci_high": 0.7124299293530023,
      "n": 30
    },
    "final_pos": {
      "mean": 0.45212164668078364,
      "ci_low": 0.4243714494407993,
      "ci_high": 0.4807029468069395,
      "n": 30
    },
    "filler_span": {
      "mean": -0.0062129774807082976,
      "ci_low": -0.010722500358182861,
      "ci_high": -0.0008608218807888505,
      "n": 30
    }
  },
  "7": {
    "import_span": {
      "mean": 0.0927727040081054,
      "ci_low": 0.03513616579370385,
      "ci_high": 0.14334111854617115,
      "n": 30
    },
    "use_alias": {
      "mean": 0.6597859579379722,
      "ci_low": 0.6181920909593496,
      "ci_high": 0.6989389930922929,
      "n": 30
    },
    "final_pos": {
      "mean": 0.48296243773006414,
      "ci_low": 0.45521441927381845,
      "ci_high": 0.5116167588449947,
      "n": 30
    },
    "filler_span": {
      "mean": -0.006460178312565233,
      "ci_low": -0.010886614989856911,
      "ci_high": -0.0015603370955197577,
      "n": 30
    }
  },
  "8": {
    "import_span": {
      "mean": -0.04394974797824445,
      "ci_low": -0.06207456619687554,
      "ci_high": -0.025793037206263268,
      "n": 30
    },
    "use_alias": {
      "mean": 0.5497087845547302,
      "ci_low": 0.5110064181584795,
      "ci_high": 0.5890381917164609,
      "n": 30
    },
    "final_pos": {
      "mean": 0.5582386817244459,
      "ci_low": 0.5257564213378634,
      "ci_high": 0.5932336292348345,
      "n": 30
    },
    "filler_span": {
      "mean": -0.004498558970599632,
      "ci_low": -0.008630426462780987,
      "ci_high": -0.00017563666274998308,
      "n": 30
    }
  },
  "9": {
    "import_span": {
      "mean": -0.06964895845310673,
      "ci_low": -0.08741512744968569,
      "ci_high": -0.051765880906063995,
      "n": 30
    },
    "use_alias": {
      "mean": 0.5801603607000771,
      "ci_low": 0.5474562739720013,
      "ci_high": 0.6107728675190028,
      "n": 30
    },
    "final_pos": {
      "mean": 0.5522291371153402,
      "ci_low": 0.51928281045597,
      "ci_high": 0.5862222497796411,
      "n": 30
    },
    "filler_span": {
      "mean": -0.003895268330338644,
      "ci_low": -0.008101385349719277,
      "ci_high": 0.0010805058790069229,
      "n": 30
    }
  },
  "10": {
    "import_span": {
      "mean": -0.10372353252982619,
      "ci_low": -0.11999185305632704,
      "ci_high": -0.08481599105349251,
      "n": 30
    },
    "use_alias": {
      "mean": 0.5863114716961689,
      "ci_low": 0.5582524979112309,
      "ci_high": 0.6135289054796204,
      "n": 30
    },
    "final_pos": {
      "mean": 0.676355323479024,
      "ci_low": 0.6427792591897272,
      "ci_high": 0.7118047849274584,
      "n": 30
    },
    "filler_span": {
      "mean": -0.0012668624847338766,
      "ci_low": -0.005373852498605654,
      "ci_high": 0.003423470459841956,
      "n": 30
    }
  },
  "11": {
    "import_span": {
      "mean": -0.09678880591588987,
      "ci_low": -0.11528352980169744,
      "ci_high": -0.07650361395476389,
      "n": 30
    },
    "use_alias": {
      "mean": 0.5596663768080953,
      "ci_low": 0.5362439110450254,
      "ci_high": 0.5821240434339918,
      "n": 30
    },
    "final_pos": {
      "mean": 0.6722906553897671,
      "ci_low": 0.6395623948687189,
      "ci_high": 0.7071214223986083,
      "n": 30
    },
    "filler_span": {
      "mean": -0.0012639527223818688,
      "ci_low": -0.005123783495603366,
      "ci_high": 0.0027308638834327055,
      "n": 30
    }
  },
  "12": {
    "import_span": {
      "mean": -0.08154848200103802,
      "ci_low": -0.10027887976171644,
      "ci_high": -0.06184644416292762,
      "n": 30
    },
    "use_alias": {
      "mean": 0.5332958433826845,
      "ci_low": 0.513717770192145,
      "ci_high": 0.5519192743268655,
      "n": 30
    },
    "final_pos": {
      "mean": 0.7835500904955714,
      "ci_low": 0.7520263754902332,
      "ci_high": 0.8152246794448375,
      "n": 30
    },
    "filler_span": {
      "mean": 0.0016160922770145814,
      "ci_low": -0.0025019903952009305,