{
  "dose_variable": "log_conv_count",
  "n_rows": 1122,
  "n_pairs": 6,
  "n_models": 9,
  "per_alias_dose": {
    "np": 9.256794476348066,
    "pd": 6.991636762962839,
    "torch": 4.824305715904762,
    "plt": 7.579423427864958,
    "sk": 1.252762968495368,
    "xgb": 2.2512917986064953
  },
  "mixed_model": {
    "slope": 0.942351097538025,
    "se": 0.03247987227849303,
    "p": 4.46023893518102e-185,
    "wald_ci": [
      0.8786905478721787,
      1.0060116472038714
    ],
    "gap_at_mean_dose": 6.810891195972887,
    "mean_dose": 5.393364434446825
  },
  "ols_cluster_bootstrap": {
    "slope": 0.9423510975380249,
    "ci": [
      0.6871646145824091,
      1.3454356290764722
    ],
    "n_boot": 2000,
    "frac_positive": 0.9925
  },
  "per_pair": {
    "numpy__pandas": {
      "alias": "np",
      "dose": 9.256794476348066,
      "did": 9.580152462486007,
      "did_by_model": {
        "qwen2.5-0.5b-base": 9.39962896425468,
        "qwen2.5-0.5b-instruct": 9.737345687117216,
        "qwen2.5-1.5b-base": 10.324761239786744,
        "qwen2.5-1.5b-instruct": 10.754595350599326,
        "qwen2.5-0.5b-gguf": 9.700951630085168,
        "llama3.2-1b-gguf": 9.917477757564033,
        "llama3.2-3b-gguf": 8.77259129999539,
        "qwen2.5-coder-7b": 9.71417964888848,
        "llama3.1-8b": 8.026222010203982
      }
    },
    "pandas__numpy": {
      "alias": "pd",
      "dose": 6.991636762962839,
      "did": 9.20390290782627,
      "did_by_model": {
        "qwen2.5-0.5b-base": 8.401828715932266,
        "qwen2.5-0.5b-instruct": 8.846394755104782,
        "qwen2.5-1.5b-base": 9.54990639086934,
        "qwen2.5-1.5b-instruct": 10.017481769398696
      }
    },
    "torch__sklearn": {
      "alias": "torch",
      "dose": 4.824305715904762,
      "did": 6.345188346979263,
      "did_by_model": {
        "qwen2.5-0.5b-base": 5.442456498458944,
        "qwen2.5-0.5b-instruct": 5.631027401406309,
        "qwen2.5-1.5b-base": 6.586402792921266,
        "qwen2.5-1.5b-instruct": 6.368194935914763,
        "qwen2.5-0.5b-gguf": 4.517287164178711,
        "llama3.2-1b-gguf": 8.387881779089707,
        "llama3.2-3b-gguf": 3.7070916595067445,
        "qwen2.5-coder-7b": 6.059292677618133,
        "llama3.1-8b": 10.316882096437737
      }
    },
    "matplotlib.pyplot__pandas": {
      "alias": "plt",
      "dose": 7.579423427864958,
      "did": 10.53201017250379,
      "did_by_model": {
        "qwen2.5-0.5b-base": 10.39935798615309,
        "qwen2.5-0.5b-instruct": 9.813429557739408,
        "qwen2.5-1.5b-base": 10.9430752057692,
        "qwen2.5-1.5b-instruct": 10.972177940353456
      }
    },
    "sklearn__xgboost": {
      "alias": "sk",
      "dose": 1.252762968495368,
      "did": 2.1058835012664283,
      "did_by_model": {
        "qwen2.5-0.5b-base": 1.6143953325628617,
        "qwen2.5-0.5b-instruct": 1.804278505785788,
        "qwen2.5-1.5b-base": 2.135036816079114,
        "qwen2.5-1.5b-instruct": 2.869823350637947
      }
    },
    "xgboost__sklearn": {
      "alias": "xgb",
      "dose": 2.2512917986064953,
      "did": 3.9049595903161998,
      "did_by_model": {
        "qwen2.5-0.5b-base": 4.936066964991896,
        "qwen2.5-0.5b-instruct": 5.744352629462913,
        "qwen2.5-1.5b-base": 5.214265975616931,
        "qwen2.5-1.5b-instruct": 4.380381854954951,
        "qwen2.5-0.5b-gguf": 2.3183343628617203,
        "llama3.2-1b-gguf": 2.94234285029999,
        "llama3.2-3b-gguf": 3.040260099147249,
        "qwen2.5-coder-7b": 3.2290869835516305,
        "llama3.1-8b": 3.6498931962093084
      }
    }
  }
}