{
  "n_rows": 1122,
  "n_pairs": 6,
  "n_models": 9,
  "mixed_model": {
    "dose_slope": 3.050639981341169,
    "se": 0.12143870025085467,
    "p": 2.945888202930674e-139,
    "wald_ci": [
      2.812620128849494,
      3.288659833832844
    ],
    "gap_rare": 3.7602512146317246,
    "gap_common": 6.810891195972894,
    "gap_very_common": 9.861531177314063
  },
  "ols_cluster_bootstrap": {
    "slope": 3.050639981341168,
    "ci": [
      1.1318201048868484,
      5.331451272101821
    ],
    "n_boot": 1992,
    "frac_positive": 0.9849397590361446
  }
}