{
  "n_rows": 1683,
  "models": [
    "llama3.1-8b",
    "llama3.2-1b-gguf",
    "llama3.2-3b-gguf",
    "qwen2.5-0.5b-base",
    "qwen2.5-0.5b-gguf",
    "qwen2.5-0.5b-instruct",
    "qwen2.5-1.5b-base",
    "qwen2.5-1.5b-instruct",
    "qwen2.5-coder-7b"
  ],
  "pairs": [
    "matplotlib.pyplot__pandas",
    "numpy__pandas",
    "pandas__numpy",
    "sklearn__xgboost",
    "torch__sklearn",
    "xgboost__sklearn"
  ],
  "depths": [
    0,
    512,
    2048,
    8192
  ],
  "gap_overall": {
    "gap": 6.810891195972863,
    "ci_lo": 4.556180472144594,
    "ci_hi": 9.105133368535617
  },
  "gap_by_model": {
    "llama3.1-8b": {
      "gap": 7.330999100950343,
      "ci_lo": 3.733990950875028,
      "ci_hi": 10.275164866700928,
      "size_b": 8.0,
      "variant": "instruct"
    },
    "llama3.2-1b-gguf": {
      "gap": 7.082567462317909,
      "ci_lo": 2.9904630979199855,
      "ci_hi": 9.999120944707798,
      "size_b": 1.0,
      "variant": "instruct"
    },
    "llama3.2-3b-gguf": {
      "gap": 5.17331435288313,
      "ci_lo": 2.6463746740849943,
      "ci_hi": 8.721041300039591,
      "size_b": 3.0,
      "variant": "instruct"
    },
    "qwen2.5-0.5b-base": {
      "gap": 6.698955743725623,
      "ci_lo": 4.147176723131503,
      "ci_hi": 9.049283203544661,
      "size_b": 0.5,
      "variant": "base"
    },
    "qwen2.5-0.5b-gguf": {
      "gap": 5.512191052375199,
      "ci_lo": 2.411736872957977,
      "ci_hi": 9.66031802068149,
      "size_b": 0.5,
      "variant": "instruct"
    },
    "qwen2.5-0.5b-instruct": {
      "gap": 6.929471422769403,
      "ci_lo": 4.327523411501423,
      "ci_hi": 9.19215453099888,
      "size_b": 0.5,
      "variant": "instruct"
    },
    "qwen2.5-1.5b-base": {
      "gap": 7.4589080701737664,
      "ci_lo": 4.6371754155414004,
      "ci_hi": 10.044070142954041,
      "size_b": 1.5,
      "variant": "base"
    },
    "qwen2.5-1.5b-instruct": {
      "gap": 7.560442533643188,
      "ci_lo": 4.781326782121145,
      "ci_hi": 10.26890627951133,
      "size_b": 1.5,
      "variant": "instruct"
    },
    "qwen2.5-coder-7b": {
      "gap": 6.334186436686082,
      "ci_lo": 3.310018011226023,
      "ci_hi": 9.627891490659996,
      "size_b": 7.0,
      "variant": "instruct"
    }
  },
  "dose": {
    "very_common": {
      "gap": 9.467478799058494,
      "ci_lo": 8.991696996534383,
      "ci_hi": 9.86198152103,
      "pairs": [
        "numpy__pandas",
        "pandas__numpy"
      ]
    },
    "common": {
      "gap": 7.598995952483934,
      "ci_lo": 6.1355403717431685,
      "ci_hi": 10.729706572583522,
      "pairs": [
        "matplotlib.pyplot__pandas",
        "torch__sklearn"
      ]
    },
    "rare": {
      "gap": 3.3661988363761615,
      "ci_lo": 1.793065510055203,
      "ci_hi": 4.230319152870559,
      "pairs": [
        "sklearn__xgboost",
        "xgboost__sklearn"
      ]
    }
  },
  "pair_gaps": [
    {
      "pair": "matplotlib.pyplot__pandas",
      "gap": 10.53201017250379,
      "tier_rank": 2,
      "tier": "common"
    },
    {
      "pair": "numpy__pandas",
      "gap": 9.580152462486007,
      "tier_rank": 3,
      "tier": "very_common"
    },
    {
      "pair": "pandas__numpy",
      "gap": 9.20390290782627,
      "tier_rank": 3,
      "tier": "very_common"
    },
    {
      "pair": "sklearn__xgboost",
      "gap": 2.1058835012664283,
      "tier_rank": 1,
      "tier": "rare"
    },
    {
      "pair": "torch__sklearn",
      "gap": 6.345188346979263,
      "tier_rank": 2,
      "tier": "common"
    },
    {
      "pair": "xgboost__sklearn",
      "gap": 3.9049595903161998,
      "tier_rank": 1,
      "tier": "rare"
    }
  ],
  "dose_regression": {
    "n_rows": 1122,
    "n_pairs": 6,
    "mixed": {
      "slope": 3.050639981341169,
      "se": 0.12143870025085467,
      "p": 2.945888202930674e-139,
      "wald_ci": [
        2.812620128849494,
        3.288659833832844
      ],
      "gap_rare": 3.7602512146317246,
      "gap_common": 6.810891195972894,
      "gap_very_common": 9.861531177314063
    },
    "cluster_bootstrap": {
      "slope": 3.050639981341168,
      "ci": [
        1.1318201048868484,
        5.331451272101821
      ],
      "n_boot": 1992,
      "frac_positive": 0.9849397590361446,
      "n_pair_clusters": 6
    }
  },
  "gap_by_model_depth": {
    "llama3.1-8b": {
      "0": {
        "gap": 7.360699639474785,
        "ci_lo": 2.62309933118491,
        "ci_hi": 11.162458749599306
      },
      "512": {
        "gap": 7.617323834917224,
        "ci_lo": 3.85498347858285,
        "ci_hi": 10.730542614123133
      },
      "2048": {
        "gap": 7.118366683586345,
        "ci_lo": 2.9564277508375363,
        "ci_hi": 10.251003220148208
      },
      "8192": {
        "gap": 6.829444124284155,
        "ci_lo": 1.1271725681507467,
        "ci_hi": 10.111028928117362
      }
    },
    "llama3.2-1b-gguf": {
      "0": {
        "gap": 7.4046008600353534,
        "ci_lo": 1.4005482338693835,
        "ci_hi": 12.848284649898755
      },
      "512": {
        "gap": 7.234443858806696,
        "ci_lo": 3.1115245734891874,
        "ci_hi": 10.207353432008334
      },
      "2048": {
        "gap": 6.990411852993165,
        "ci_lo": 3.412079081923968,
        "ci_hi": 9.745456843601719
      },
      "8192": {
        "gap": 6.08017594389878,
        "ci_lo": 2.18380019092836,
        "ci_hi": 11.604450571653636
      }
    },
    "llama3.2-3b-gguf": {
      "0": {
        "gap": 5.111783864132595,
        "ci_lo": 0.3448143082281809,
        "ci_hi": 10.920467208175129
      },
      "512": {
        "gap": 5.613109386786514,
        "ci_lo": 3.233724259398901,
        "ci_hi": 8.985568637430337
      },
      "2048": {
        "gap": 4.912166013714192,
        "ci_lo": 1.9245151251947266,
        "ci_hi": 8.816925012679118
      },
      "8192": {
        "gap": 4.224495161977498,
        "ci_lo": -1.7328354186547856,
        "ci_hi": 9.589646459550833
      }
    },
    "qwen2.5-0.5b-base": {
      "0": {
        "gap": 8.143098430061968,
        "ci_lo": 5.312337510361557,
        "ci_hi": 11.18274831133941
      },
      "512": {
        "gap": 6.428498793205118,
        "ci_lo": 3.7026579886256785,
        "ci_hi": 8.888436731053018
      },
      "2048": {
        "gap": 6.48803179880068,
        "ci_lo": 3.5329381815399192,
        "ci_hi": 8.960057323100695
      }
    },
    "qwen2.5-0.5b-gguf": {
      "0": {
        "gap": 6.5252983846232375,
        "ci_lo": 3.104356386413866,
        "ci_hi": 11.192279707212482
      },
      "512": {
        "gap": 5.280771318793212,
        "ci_lo": 1.7391593909326502,
        "ci_hi": 9.622569543803236
      },
      "2048": {
        "gap": 5.286535498798452,
        "ci_lo": 2.60085221752437,
        "ci_hi": 9.070064023551272
      },
      "8192": {
        "gap": 6.228428110831538,
        "ci_lo": 2.221476348383881,
        "ci_hi": 10.56134555847657
      }
    },
    "qwen2.5-0.5b-instruct": {
      "0": {
        "gap": 8.860776926274273,
        "ci_lo": 5.773865041374033,
        "ci_hi": 12.435743623349298
      },
      "512": {
        "gap": 6.574482726910677,
        "ci_lo": 4.080417046664194,
        "ci_hi": 8.843398985862363
      },
      "2048": {
        "gap": 6.64069161745984,
        "ci_lo": 3.7100608079860553,
        "ci_hi": 8.991278674074152
      }
    },
    "qwen2.5-1.5b-base": {
      "0": {
        "gap": 7.851890452982295,
        "ci_lo": 3.8121775252532752,
        "ci_hi": 11.911510704203913
      },
      "512": {
        "gap": 7.296851643435,
        "ci_lo": 4.457456564173945,
        "ci_hi": 9.778195528457509
      },
      "2048": {
        "gap": 7.489970369309689,
        "ci_lo": 4.3476025762635375,
        "ci_hi": 10.208317939704576
      }
    },
    "qwen2.5-1.5b-instruct": {
      "0": {
        "gap": 7.771708327374758,
        "ci_lo": 3.5984173054583333,
        "ci_hi": 12.226647012240203
      },
      "512": {
        "gap": 7.6502212029697985,