{
  "conventional": {
    "n": 561,
    "mean": 7.023555511231619,
    "ci_lo": 4.860167420860635,
    "ci_hi": 9.644748849617578
  },
  "swapped": {
    "n": 561,
    "mean": 3.8705071087201572,
    "ci_lo": 0.8178827619825657,
    "ci_hi": 6.899321086473917
  },
  "no_prior": {
    "n": 561,
    "mean": -2.940384087252706,
    "ci_lo": -4.1542278111019275,
    "ci_hi": -1.9074580352785695
  },
  "did_gap_swapped_minus_no_prior": 6.810891195972863
}